Data Source,World Development Indicators,,,,,,,,,,,,,,,,,,,,,,,,,,,,,,,,,,,,,,,,,,,,,,,,,,,,,,,,,,,,,,,,
,,,,,,,,,,,,,,,,,,,,,,,,,,,,,,,,,,,,,,,,,,,,,,,,,,,,,,,,,,,,,,,,,
Last Updated Date,2022-07-20,,,,,,,,,,,,,,,,,,,,,,,,,,,,,,,,,,,,,,,,,,,,,,,,,,,,,,,,,,,,,,,,
,,,,,,,,,,,,,,,,,,,,,,,,,,,,,,,,,,,,,,,,,,,,,,,,,,,,,,,,,,,,,,,,,
Country Name,Country Code,Indicator Name,Indicator Code,1960,1961,1962,1963,1964,1965,1966,1967,1968,1969,1970,1971,1972,1973,1974,1975,1976,1977,1978,1979,1980,1981,1982,1983,1984,1985,1986,1987,1988,1989,1990,1991,1992,1993,1994,1995,1996,1997,1998,1999,2000,2001,2002,2003,2004,2005,2006,2007,2008,2009,2010,2011,2012,2013,2014,2015,2016,2017,2018,2019,2020,2021
Aruba,ABW,Female share of employment in senior and middle management (%),SL.EMP.SMGT.FE.ZS,,,,,,,,,,,,,,,,,,,,,,,,,,,,,,,,,,,,,,,,,,,,,,,,,,,,,,,,,,,,,,
Africa Eastern and Southern,AFE,Female share of employment in senior and middle management (%),SL.EMP.SMGT.FE.ZS,,,,,,,,,,,,,,,,,,,,,,,,,,,,,,,,,,,,,,,,,,,,,,,,,,,,,,,,,,,,,,
Afghanistan,AFG,Female share of employment in senior and middle management (%),SL.EMP.SMGT.FE.ZS,,,,,,,,,,,,,,,,,,,,,,,,,,,,,,,,,,,,,,,,,,,,,,,,,,,,,,,"690,000,009,536,743",,,"430,000,019,073,486",,,"590,000,009,536,743",
Africa Western and Central,AFW,Female share of employment in senior and middle management (%),SL.EMP.SMGT.FE.ZS,,,,,,,,,,,,,,,,,,,,,,,,,,,,,,,,,,,,,,,,,,,,,,,,,,,,,,,,,,,,,,
Angola,AGO,Female share of employment in senior and middle management (%),SL.EMP.SMGT.FE.ZS,,,,,,,,,,,,,,,,,,,,,,,,,,,,,,,,,,,,,,,,,,,,,,,,,,"148,000,001,907,349",,,,,"182,000,007,629,395",,,,,,,
Albania,ALB,Female share of employment in senior and middle management (%),SL.EMP.SMGT.FE.ZS,,,,,,,,,,,,,,,,,,,,,,,,,,,,,,,,,,,,,,,,,,,,,,,,"227,999,992,370,605","243,999,996,185,303",22,"162,000,007,629,395",,"146,999,998,092,651","292,999,992,370,605","206,000,003,814,697","192,999,992,370,605",24,"226,000,003,814,697","316,000,003,814,697","412,999,992,370,605",,
Andorra,AND,Female share of employment in senior and middle management (%),SL.EMP.SMGT.FE.ZS,,,,,,,,,,,,,,,,,,,,,,,,,,,,,,,,,,,,,,,,,,,,,,,,,,,,,,,,,,,,,,
Arab World,ARB,Female share of employment in senior and middle management (%),SL.EMP.SMGT.FE.ZS,,,,,,,,,,,,,,,,,,,,,,,,,,,,,,,,,,,,,,,,,,,,,,,,,,,,,,,,,,,,,,
United Arab Emirates,ARE,Female share of employment in senior and middle management (%),SL.EMP.SMGT.FE.ZS,,,,,,,,,,,,,,,,,,,,,,,,,,,,,,,,,,,,,,,,,,,,,,,,,,,,,,,,,,"121,999,998,092,651","156,999,998,092,651",,"177,000,007,629,395",
Argentina,ARG,Female share of employment in senior and middle management (%),SL.EMP.SMGT.FE.ZS,,,,,,,,,,,,,,,,,,,,,,,,,,,,,,,,,,,,,,,,,,,,,"286,000,003,814,697","262,999,992,370,605","293,999,996,185,303",,"298,999,996,185,303","344,000,015,258,789","320,999,984,741,211","302,000,007,629,395","322,999,992,370,605",36.5,"385,999,984,741,211",,,"325,999,984,741,211","332,000,007,629,395","330,999,984,741,211",37,"374,000,015,258,789"
Armenia,ARM,Female share of employment in senior and middle management (%),SL.EMP.SMGT.FE.ZS,,,,,,,,,,,,,,,,,,,,,,,,,,,,,,,,,,,,,,,,,,,,,,,,,,,,,,,,,,,,,,
American Samoa,ASM,Female share of employment in senior and middle management (%),SL.EMP.SMGT.FE.ZS,,,,,,,,,,,,,,,,,,,,,,,,,,,,,,,,,,,,,,,,,,,,,,,,,,,,,,,,,,,,,,
Antigua and Barbuda,ATG,Female share of employment in senior and middle management (%),SL.EMP.SMGT.FE.ZS,,,,,,,,,,,,,,,,,,,,,,,,,,,,,,,,,,,,,,,,,,,,,,,,,,,,,,,,,,,,,,
Australia,AUS,Female share of employment in senior and middle management (%),SL.EMP.SMGT.FE.ZS,,,,,,,,,,,,,,,,,,,,,,,,,,,,,,,,,,,,,,,,,,,,,,,,,,,33.5,"276,000,003,814,697","298,999,996,185,303","329,000,015,258,789",35,"352,999,992,370,605","362,000,007,629,395","350,999,984,741,211","337,999,992,370,605","345,999,984,741,211","342,000,007,629,395",
Austria,AUT,Female share of employment in senior and middle management (%),SL.EMP.SMGT.FE.ZS,,,,,,,,,,,,,,,,,,,,,,,,,,,,,,,,,,,,,,,,,"281,000,003,814,697","293,999,996,185,303","307,999,992,370,605",28.5,"222,000,007,629,395",21.5,21,21,"252,000,007,629,395","232,999,992,370,605","253,999,996,185,303","261,000,003,814,697","271,000,003,814,697","262,999,992,370,605","277,999,992,370,605","278,999,996,185,303",29.5,"292,000,007,629,395","288,999,996,185,303",32,"312,999,992,370,605",
Azerbaijan,AZE,Female share of employment in senior and middle management (%),SL.EMP.SMGT.FE.ZS,,,,,,,,,,,,,,,,,,,,,,,,,,,,,,,,,,,,,,,,,,,,,,,,,,,,,,,,,,,,,,
Burundi,BDI,Female share of employment in senior and middle management (%),SL.EMP.SMGT.FE.ZS,,,,,,,,,,,,,,,,,,,,,,,,,,,,,,,,,,,,,,,,,,,,,,,,,,,,,,,,,,,,,,
Belgium,BEL,Female share of employment in senior and middle management (%),SL.EMP.SMGT.FE.ZS,,,,,,,,,,,,,,,,,,,,,,,,,,,,,,,,,,,,,,,,,24.5,"283,999,996,185,303",28,"272,999,992,370,605","268,999,996,185,303","302,000,007,629,395","311,000,003,814,697","335,999,984,741,211","318,999,996,185,303","345,999,984,741,211","347,999,992,370,605",30.5,"317,000,007,629,395","307,999,992,370,605","312,999,992,370,605",31,32,"329,000,015,258,789",33.5,"318,999,996,185,303","345,999,984,741,211",
Benin,BEN,Female share of employment in senior and middle management (%),SL.EMP.SMGT.FE.ZS,,,,,,,,,,,,,,,,,,,,,,,,,,,,,,,,,,,,,,,,,,,,,,,,,,,,,,,,,,,,,,
Burkina Faso,BFA,Female share of employment in senior and middle management (%),SL.EMP.SMGT.FE.ZS,,,,,,,,,,,,,,,,,,,,,,,,,,,,,,,,,,,,,,,,,,,,,,,,,,,,,,,,,,,24,,,
Bangladesh,BGD,Female share of employment in senior and middle management (%),SL.EMP.SMGT.FE.ZS,,,,,,,,,,,,,,,,,,,,,,,,,,,,,,,,,,,,,,,,,,,,,,,"108,999,996,185,303",,,,10,,,,,,,11.5,,,,
Bulgaria,BGR,Female share of employment in senior and middle management (%),SL.EMP.SMGT.FE.ZS,,,,,,,,,,,,,,,,,,,,,,,,,,,,,,,,,,,,,,,,,37.5,40.5,"422,999,992,370,605","377,999,992,370,605","414,000,015,258,789","405,999,984,741,211","375,999,984,741,211","364,000,015,258,789",36.5,"357,999,992,370,605","385,999,984,741,211",37,35.5,36,"354,000,015,258,789","374,000,015,258,789","392,999,992,370,605","392,999,992,370,605","392,999,992,370,605","392,000,007,629,395","424,000,015,258,789",
Bahrain,BHR,Female share of employment in senior and middle management (%),SL.EMP.SMGT.FE.ZS,,,,,,,,,,,,,,,,,,,,,,,,,,,,,,,,,,,,,,,,,,,,,,,,,,,,,,,,,,,,,,
"Bahamas, The",BHS,Female share of employment in senior and middle management (%),SL.EMP.SMGT.FE.ZS,,,,,,,,,,,,,,,,,,,,,,,,,,,,,,,,,,,,,,,,,,,,,,,,,,,,,,,,,,,,,,
Bosnia and Herzegovina,BIH,Female share of employment in senior and middle management (%),SL.EMP.SMGT.FE.ZS,,,,,,,,,,,,,,,,,,,,,,,,,,,,,,,,,,,,,,,,,,,,,,,"237,000,007,629,395","202,999,992,370,605","332,999,992,370,605","277,000,007,629,395","237,999,992,370,605","226,000,003,814,697",23,"213,999,996,185,303","242,000,007,629,395","242,000,007,629,395","187,999,992,370,605","187,999,992,370,605","261,000,003,814,697","253,999,996,185,303","248,999,996,185,303","203,999,996,185,303"
Belarus,BLR,Female share of employment in senior and middle management (%),SL.EMP.SMGT.FE.ZS,,,,,,,,,,,,,,,,,,,,,,,,,,,,,,,,,,,,,,,,,,,,,,,,,,,,,,,,,46,"475,999,984,741,211","447,000,007,629,395","457,999,992,370,605","477,999,992,370,605",
Belize,BLZ,Female share of employment in senior and middle management (%),SL.EMP.SMGT.FE.ZS,,,,,,,,,,,,,,,,,,,,,,,,,,,,,,,,,,,,,,,,,,,,,,,,,,,,,,,,"390,999,984,741,211","417,000,007,629,395",,,,,
Bermuda,BMU,Female share of employment in senior and middle management (%),SL.EMP.SMGT.FE.ZS,,,,,,,,,,,,,,,,,,,,,,,,,,,,,,,,,,,,,,,,,,,,,,,,,,,,,,,,,,,,,,
Bolivia,BOL,Female share of employment in senior and middle management (%),SL.EMP.SMGT.FE.ZS,,,,,,,,,,,,,,,,,,,,,,,,,,,,,,,,,,,,,,,,"307,000,007,629,395","379,000,015,258,789",18.5,,,,32,,29,"347,000,007,629,395","350,999,984,741,211",,"357,000,007,629,395",32,"311,000,003,814,697",35.5,"344,000,015,258,789",30,"267,999,992,370,605","303,999,996,185,303","282,000,007,629,395","308,999,996,185,303",
Brazil,BRA,Female share of employment in senior and middle management (%),SL.EMP.SMGT.FE.ZS,,,,,,,,,,,,,,,,,,,,,,,,,,,,,,,,,,,,,,,,,,,35,"342,000,007,629,395","357,000,007,629,395","380,999,984,741,211","362,999,992,370,605","377,000,007,629,395","357,999,992,370,605","352,000,007,629,395",,"365,999,984,741,211","355,999,984,741,211","362,000,007,629,395",36.5,"370,999,984,741,211",37.5,"375,999,984,741,211","377,999,992,370,605",37.5,"354,000,015,258,789","370,999,984,741,211"
Barbados,BRB,Female share of employment in senior and middle management (%),SL.EMP.SMGT.FE.ZS,,,,,,,,,,,,,,,,,,,,,,,,,,,,,,,,,,,,,,,,,,,,,,,,,,,,,,,,"612,999,992,370,605","522,999,992,370,605","529,000,015,258,789","494,000,015,258,789","477,000,007,629,395",,
Brunei Darussalam,BRN,Female share of employment in senior and middle management (%),SL.EMP.SMGT.FE.ZS,,,,,,,,,,,,,,,,,,,,,,,,,,,,,,,,,,,,,,,,,,,,,,,,,,,,,,,32.5,,,37,"345,999,984,741,211","322,999,992,370,605","374,000,015,258,789",
Bhutan,BTN,Female share of employment in senior and middle management (%),SL.EMP.SMGT.FE.ZS,,,,,,,,,,,,,,,,,,,,,,,,,,,,,,,,,,,,,,,,,,,,,,,,,,,,,,,,,,,,,,
Botswana,BWA,Female share of employment in senior and middle management (%),SL.EMP.SMGT.FE.ZS,,,,,,,,,,,,,,,,,,,,,,,,,,,,,,,,,,,,,,,,,,,,,,,,,,"296,000,003,814,697",,,,,,,,,,"577,999,992,370,605","567,000,007,629,395",
Central African Republic,CAF,Female share of employment in senior and middle management (%),SL.EMP.SMGT.FE.ZS,,,,,,,,,,,,,,,,,,,,,,,,,,,,,,,,,,,,,,,,,,,,,,,,,,,,,,,,,,,,,,
Canada,CAN,Female share of employment in senior and middle management (%),SL.EMP.SMGT.FE.ZS,,,,,,,,,,,,,,,,,,,,,,,,,,,,,,,,,,,,,,,,,,,,,,,,,,,,,,,,,,,,,,
Central Europe and the Baltics,CEB,Female share of employment in senior and middle management (%),SL.EMP.SMGT.FE.ZS,,,,,,,,,,,,,,,,,,,,,,,,,,,,,,,,,,,,,,,,,,,,,,,,,,,,,,,,,,,,,,
Switzerland,CHE,Female share of employment in senior and middle management (%),SL.EMP.SMGT.FE.ZS,,,,,,,,,,,,,,,,,,,,,,,,,,,,,,,,,,,,,,,,,"161,000,003,814,697","301,000,003,814,697","445,999,984,741,211","502,999,992,370,605","477,999,992,370,605","419,000,015,258,789","490,999,984,741,211","454,000,015,258,789","447,999,992,370,605","465,999,984,741,211","470,999,984,741,211","287,000,007,629,395","287,000,007,629,395","283,999,996,185,303",28.5,"303,999,996,185,303","307,999,992,370,605","287,999,992,370,605",30.5,32.5,"318,999,996,185,303",
Channel Islands,CHI,Female share of employment in senior and middle management (%),SL.EMP.SMGT.FE.ZS,,,,,,,,,,,,,,,,,,,,,,,,,,,,,,,,,,,,,,,,,,,,,,,,,,,,,,,,,,,,,,
Chile,CHL,Female share of employment in senior and middle management (%),SL.EMP.SMGT.FE.ZS,,,,,,,,,,,,,,,,,,,,,,,,,,,,,,,,,25.5,,29,,"316,000,003,814,697",,"335,999,984,741,211",,35.5,,,"425,999,984,741,211",,,"287,999,992,370,605",,,"282,999,992,370,605",,48.5,,"447,000,007,629,395",,"464,000,015,258,789",,"430,999,984,741,211",,,,
China,CHN,Female share of employment in senior and middle management (%),SL.EMP.SMGT.FE.ZS,,,,,,,,,,,,,,,,,,,,,,,,,,,,,,,,,,,,,,,,,,,,,,,,,,,,,,,,,,,,,,
Cote d'Ivoire,CIV,Female share of employment in senior and middle management (%),SL.EMP.SMGT.FE.ZS,,,,,,,,,,,,,,,,,,,,,,,,,,,,,,,,,,,,,,,,,,,,,,,,,,,,,,,,,"222,000,007,629,395","222,000,007,629,395",,,,
Cameroon,CMR,Female share of employment in senior and middle management (%),SL.EMP.SMGT.FE.ZS,,,,,,,,,,,,,,,,,,,,,,,,,,,,,,,,,,,,,,,,,,,,,,,,,,,,,,,,,,,,,,
"Congo, Dem. Rep.",COD,Female share of employment in senior and middle management (%),SL.EMP.SMGT.FE.ZS,,,,,,,,,,,,,,,,,,,,,,,,,,,,,,,,,,,,,,,,,,,,,,5.5,,,,,,,,,,,,,,,,
"Congo, Rep.",COG,Female share of employment in senior and middle management (%),SL.EMP.SMGT.FE.ZS,,,,,,,,,,,,,,,,,,,,,,,,,,,,,,,,,,,,,,,,,,,,,,,,,,,,,,,,,,,,,,
Colombia,COL,Female share of employment in senior and middle management (%),SL.EMP.SMGT.FE.ZS,,,,,,,,,,,,,,,,,,,,,,,,,,,,,,,,,,,,,,,,,,,27,"287,000,007,629,395",28.5,27,,"395,999,984,741,211","288,999,996,185,303","267,999,992,370,605","263,999,996,185,303",27,27,"287,000,007,629,395","282,999,992,370,605","286,000,003,814,697",29,"292,999,992,370,605","303,999,996,185,303",31,"301,000,003,814,697","302,999,992,370,605"
Comoros,COM,Female share of employment in senior and middle management (%),SL.EMP.SMGT.FE.ZS,,,,,,,,,,,,,,,,,,,,,,,,,,,,,,,,,,,,,,,,,,,,,,,,,,,,,,,,,,,,,,
Cabo Verde,CPV,Female share of employment in senior and middle management (%),SL.EMP.SMGT.FE.ZS,,,,,,,,,,,,,,,,,,,,,,,,,,,,,,,,,,,,,,,,,,,,,,,,,,,,,,,,,,,,,,
Costa Rica,CRI,Female share of employment in senior and middle management (%),SL.EMP.SMGT.FE.ZS,,,,,,,,,,,,,,,,,,,,,,,,,,,,,,,,,,,,,,,,,,"252,000,007,629,395","262,999,992,370,605",29,"262,000,007,629,395","248,999,996,185,303","298,999,996,185,303","266,000,003,814,697",,,,,,,,,,"414,000,015,258,789",37.5,"427,999,992,370,605","620,999,984,741,211","415,999,984,741,211"
Caribbean small states,CSS,Female share of employment in senior and middle management (%),SL.EMP.SMGT.FE.ZS,,,,,,,,,,,,,,,,,,,,,,,,,,,,,,,,,,,,,,,,,,,,,,,,,,,,,,,,,,,,,,
Cuba,CUB,Female share of employment in senior and middle management (%),SL.EMP.SMGT.FE.ZS,,,,,,,,,,,,,,,,,,,,,,,,,,,,,,,,,,,,,,,,,,,,,,,,,,,,,,,,,,,,,,
Curacao,CUW,Female share of employment in senior and middle management (%),SL.EMP.SMGT.FE.ZS,,,,,,,,,,,,,,,,,,,,,,,,,,,,,,,,,,,,,,,,,,,,,,,,,,,,,,,,,,,,,,
Cayman Islands,CYM,Female share of employment in senior and middle management (%),SL.EMP.SMGT.FE.ZS,,,,,,,,,,,,,,,,,,,,,,,,,,,,,,,,,,,,,,,,,,,,,,,,,,,,,,,,,,,,,,
Cyprus,CYP,Female share of employment in senior and middle management (%),SL.EMP.SMGT.FE.ZS,,,,,,,,,,,,,,,,,,,,,,,,,,,,,,,,,,,,,,,,,18.5,18.5,"172,999,992,370,605","178,999,996,185,303",17,"171,000,003,814,697","172,000,007,629,395","177,000,007,629,395","203,999,996,185,303","138,000,001,907,349","143,000,001,907,349","146,999,998,092,651","163,999,996,185,303","187,000,007,629,395","181,000,003,814,697","252,000,007,629,395",27,"223,999,996,185,303","197,000,007,629,395","237,000,007,629,395","252,000,007,629,395",
Czech Republic,CZE,Female share of employment in senior and middle management (%),SL.EMP.SMGT.FE.ZS,,,,,,,,,,,,,,,,,,,,,,,,,,,,,,,,,,,,,,,,,"267,999,992,370,605","292,999,992,370,605",28.5,"317,000,007,629,395","302,999,992,370,605","316,000,003,814,697","307,000,007,629,395",29.5,"292,999,992,370,605","288,999,996,185,303","277,999,992,370,605",24,"231,000,003,814,697",24.5,"266,000,003,814,697","277,999,992,370,605","231,000,003,814,697","241,000,003,814,697","266,000,003,814,697","266,000,003,814,697","273,999,996,185,303",
Germany,DEU,Female share of employment in senior and middle management (%),SL.EMP.SMGT.FE.ZS,,,,,,,,,,,,,,,,,,,,,,,,,,,,,,,,,,,,,,,,,"207,000,007,629,395","206,000,003,814,697",22,"231,000,003,814,697","227,999,992,370,605","236,000,003,814,697","242,000,007,629,395","247,999,992,370,605","257,000,007,629,395","267,999,992,370,605",27.5,"278,999,996,185,303","271,000,003,814,697",27.5,"277,999,992,370,605",28,"281,000,003,814,697","282,000,007,629,395","286,000,003,814,697","286,000,003,814,697","271,000,003,814,697",
Djibouti,DJI,Female share of employment in senior and middle management (%),SL.EMP.SMGT.FE.ZS,,,,,,,,,,,,,,,,,,,,,,,,,,,,,,,,,,,,,,,,,,,,,,,,,,,,,,,,,,,,,,
Dominica,DMA,Female share of employment in senior and middle management (%),SL.EMP.SMGT.FE.ZS,,,,,,,,,,,,,,,,,,,,,,,,,,,,,,,,,,,,,,,,,,,,,,,,,,,,,,,,,,,,,,
Denmark,DNK,Female share of employment in senior and middle management (%),SL.EMP.SMGT.FE.ZS,,,,,,,,,,,,,,,,,,,,,,,,,,,,,,,,,,,,,,,,,"187,000,007,629,395","167,000,007,629,395",18,20,"188,999,996,185,303","206,000,003,814,697","192,000,007,629,395","252,999,992,370,605","182,999,992,370,605","187,999,992,370,605","177,000,007,629,395",28.5,24.5,"237,000,007,629,395","233,999,996,185,303","262,000,007,629,395",28,27,"262,999,992,370,605","266,000,003,814,697",28,
Dominican Republic,DOM,Female share of employment in senior and middle management (%),SL.EMP.SMGT.FE.ZS,,,,,,,,,,,,,,,,,,,,,,,,,,,,,,,,,,,,,,,,,"369,000,015,258,789",40,31.5,39,"402,999,992,370,605","450,999,984,741,211",45,"385,999,984,741,211",37.5,"454,000,015,258,789","462,000,007,629,395","517,999,992,370,605",58,"465,999,984,741,211","467,000,007,629,395","482,999,992,370,605","475,999,984,741,211","512,999,992,370,605","455,999,984,741,211","505,999,984,741,211","475,999,984,741,211",
Algeria,DZA,Female share of employment in senior and middle management (%),SL.EMP.SMGT.FE.ZS,,,,,,,,,,,,,,,,,,,,,,,,,,,,,,,,,,,,,,,,,,,,,,,,,,,,,,,,,,,,,,
East Asia & Pacific (excluding high income),EAP,Female share of employment in senior and middle management (%),SL.EMP.SMGT.FE.ZS,,,,,,,,,,,,,,,,,,,,,,,,,,,,,,,,,,,,,,,,,,,,,,,,,,,,,,,,,,,,,,
Early-demographic dividend,EAR,Female share of employment in senior and middle management (%),SL.EMP.SMGT.FE.ZS,,,,,,,,,,,,,,,,,,,,,,,,,,,,,,,,,,,,,,,,,,,,,,,,,,,,,,,,,,,,,,
East Asia & Pacific,EAS,Female share of employment in senior and middle management (%),SL.EMP.SMGT.FE.ZS,,,,,,,,,,,,,,,,,,,,,,,,,,,,,,,,,,,,,,,,,,,,,,,,,,,,,,,,,,,,,,
Europe & Central Asia (excluding high income),ECA,Female share of employment in senior and middle management (%),SL.EMP.SMGT.FE.ZS,,,,,,,,,,,,,,,,,,,,,,,,,,,,,,,,,,,,,,,,,,,,,,,,,,,,,,,,,,,,,,
Europe & Central Asia,ECS,Female share of employment in senior and middle management (%),SL.EMP.SMGT.FE.ZS,,,,,,,,,,,,,,,,,,,,,,,,,,,,,,,,,,,,,,,,,,,,,,,,,,,,,,,,,,,,,,
Ecuador,ECU,Female share of employment in senior and middle management (%),SL.EMP.SMGT.FE.ZS,,,,,,,,,,,,,,,,,,,,,,,,,,,,,,,,,,,,,,,,,,,,"344,000,015,258,789","329,000,015,258,789","337,000,007,629,395","302,000,007,629,395","400,999,984,741,211","335,999,984,741,211","327,000,007,629,395","335,999,984,741,211","439,000,015,258,789","432,000,007,629,395","345,999,984,741,211","357,000,007,629,395",33.5,34,"352,999,992,370,605",35.5,"372,999,992,370,605","394,000,015,258,789","375,999,984,741,211"
"Egypt, Arab Rep.",EGY,Female share of employment in senior and middle management (%),SL.EMP.SMGT.FE.ZS,,,,,,,,,,,,,,,,,,,,,,,,,,,,,,,,,,,,,,,,,,,,,,,,,"138,999,996,185,303",14,"138,999,996,185,303",13.5,"969,999,980,926,514","709,999,990,463,257",,"640,000,009,536,743","709,999,990,463,257","640,000,009,536,743","740,000,009,536,743","709,999,990,463,257",,
Euro area,EMU,Female share of employment in senior and middle management (%),SL.EMP.SMGT.FE.ZS,,,,,,,,,,,,,,,,,,,,,,,,,,,,,,,,,,,,,,,,,,,,,,,,,,,,,,,,,,,,,,
Eritrea,ERI,Female share of employment in senior and middle management (%),SL.EMP.SMGT.FE.ZS,,,,,,,,,,,,,,,,,,,,,,,,,,,,,,,,,,,,,,,,,,,,,,,,,,,,,,,,,,,,,,
Spain,ESP,Female share of employment in senior and middle management (%),SL.EMP.SMGT.FE.ZS,,,,,,,,,,,,,,,,,,,,,,,,,,,,,,,,,,,,,,,,,15.5,"176,000,003,814,697","181,000,003,814,697","158,999,996,185,303","191,000,003,814,697",21.5,"231,000,003,814,697","237,999,992,370,605","237,000,007,629,395","247,000,007,629,395","271,000,003,814,697","281,000,003,814,697","287,999,992,370,605","293,999,996,185,303",29.5,"303,999,996,185,303","302,999,992,370,605","308,999,996,185,303","318,999,996,185,303","337,000,007,629,395",36.5,
Estonia,EST,Female share of employment in senior and middle management (%),SL.EMP.SMGT.FE.ZS,,,,,,,,,,,,,,,,,,,,,,,,,,,,,,,,,,,,,,,,,"347,999,992,370,605","382,000,007,629,395","372,000,007,629,395","347,999,992,370,605","412,000,007,629,395",41,"395,999,984,741,211","349,000,015,258,789","365,999,984,741,211","342,999,992,370,605","384,000,015,258,789","345,999,984,741,211","316,000,003,814,697","327,999,992,370,605","307,999,992,370,605","281,000,003,814,697","317,999,992,370,605","347,000,007,629,395",33.5,35.5,"359,000,015,258,789",
Ethiopia,ETH,Female share of employment in senior and middle management (%),SL.EMP.SMGT.FE.ZS,,,,,,,,,,,,,,,,,,,,,,,,,,,,,,,,,,,,,,,,"141,000,003,814,697",,,,,,"151,000,003,814,697",,,,,,,,"211,000,003,814,697",,,,,,,,
European Union,EUU,Female share of employment in senior and middle management (%),SL.EMP.SMGT.FE.ZS,,,,,,,,,,,,,,,,,,,,,,,,,,,,,,,,,,,,,,,,,,,,,,,,,,,,,,,,,,,,,,
Fragile and conflict affected situations,FCS,Female share of employment in senior and middle management (%),SL.EMP.SMGT.FE.ZS,,,,,,,,,,,,,,,,,,,,,,,,,,,,,,,,,,,,,,,,,,,,,,,,,,,,,,,,,,,,,,
Finland,FIN,Female share of employment in senior and middle management (%),SL.EMP.SMGT.FE.ZS,,,,,,,,,,,,,,,,,,,,,,,,,,,,,,,,,,,,,,,,,"276,000,003,814,697","297,000,007,629,395","302,000,007,629,395","308,999,996,185,303","307,000,007,629,395","327,000,007,629,395","339,000,015,258,789","322,999,992,370,605","335,999,984,741,211","347,000,007,629,395","342,999,992,370,605","311,000,003,814,697","297,000,007,629,395",29.5,"342,999,992,370,605",33.5,"340,999,984,741,211","313,999,996,185,303",32,"367,999,992,370,605",37.5,
Fiji,FJI,Female share of employment in senior and middle management (%),SL.EMP.SMGT.FE.ZS,,,,,,,,,,,,,,,,,,,,,,,,,,,,,,,,,,,,,,,,,,,,,,,,,,,,"307,000,007,629,395",,,,,"385,999,984,741,211",,,,,
France,FRA,Female share of employment in senior and middle management (%),SL.EMP.SMGT.FE.ZS,,,,,,,,,,,,,,,,,,,,,,,,,,,,,,,,,,,,,,,,,"317,000,007,629,395","325,999,984,741,211",34.5,32.5,"330,999,984,741,211","362,999,992,370,605",37,36.5,"367,999,992,370,605","374,000,015,258,789",38.5,"390,999,984,741,211","392,000,007,629,395","355,999,984,741,211",32,31,"312,000,007,629,395","325,999,984,741,211","344,000,015,258,789","342,999,992,370,605","349,000,015,258,789",
Faroe Islands,FRO,Female share of employment in senior and middle management (%),SL.EMP.SMGT.FE.ZS,,,,,,,,,,,,,,,,,,,,,,,,,,,,,,,,,,,,,,,,,,,,,,,,,,,,,,,,,,,,,,
"Micronesia, Fed. Sts.",FSM,Female share of employment in senior and middle management (%),SL.EMP.SMGT.FE.ZS,,,,,,,,,,,,,,,,,,,,,,,,,,,,,,,,,,,,,,,,,,,,,,,,,,,,,,,"182,000,007,629,395",,,,,,,
Gabon,GAB,Female share of employment in senior and middle management (%),SL.EMP.SMGT.FE.ZS,,,,,,,,,,,,,,,,,,,,,,,,,,,,,,,,,,,,,,,,,,,,,,,,,,,,,,,,,,,,,,
United Kingdom,GBR,Female share of employment in senior and middle management (%),SL.EMP.SMGT.FE.ZS,,,,,,,,,,,,,,,,,,,,,,,,,,,,,,,,,,,,,,,,,"347,000,007,629,395","296,000,003,814,697","313,999,996,185,303",31.5,32.5,"335,999,984,741,211","342,999,992,370,605","344,000,015,258,789","347,999,992,370,605","354,000,015,258,789",36,"320,999,984,741,211","324,000,015,258,789","322,999,992,370,605","329,000,015,258,789","324,000,015,258,789","337,999,992,370,605","344,000,015,258,789","342,000,007,629,395","349,000,015,258,789",,
Georgia,GEO,Female share of employment in senior and middle management (%),SL.EMP.SMGT.FE.ZS,,,,,,,,,,,,,,,,,,,,,,,,,,,,,,,,,,,,,,,,,,,,,,,,,,30,"297,999,992,370,605",33.5,31,"327,999,992,370,605","337,999,992,370,605","387,999,992,370,605","442,000,007,629,395",32,"357,000,007,629,395","367,000,007,629,395","337,999,992,370,605",
Ghana,GHA,Female share of employment in senior and middle management (%),SL.EMP.SMGT.FE.ZS,,,,,,,,,,,,,,,,,,,,,,,,,,,,,,,,,,,,,,,,,,,,,,,"116,000,003,814,697",,,,,,,"267,000,007,629,395",,"330,999,984,741,211",,"266,000,003,814,697",,,,
Gibraltar,GIB,Female share of employment in senior and middle management (%),SL.EMP.SMGT.FE.ZS,,,,,,,,,,,,,,,,,,,,,,,,,,,,,,,,,,,,,,,,,,,,,,,,,,,,,,,,,,,,,,
Guinea,GIN,Female share of employment in senior and middle management (%),SL.EMP.SMGT.FE.ZS,,,,,,,,,,,,,,,,,,,,,,,,,,,,,,,,,,,,,,,,,,,,,,,,,,,,,,,,,,,,,,
"Gambia, The",GMB,Female share of employment in senior and middle management (%),SL.EMP.SMGT.FE.ZS,,,,,,,,,,,,,,,,,,,,,,,,,,,,,,,,,,,,,,,,,,,,,,,,,,,,,"327,000,007,629,395",,,,,,,,,
Guinea-Bissau,GNB,Female share of employment in senior and middle management (%),SL.EMP.SMGT.FE.ZS,,,,,,,,,,,,,,,,,,,,,,,,,,,,,,,,,,,,,,,,,,,,,,,,,,,,,,,,,,,,,,
Equatorial Guinea,GNQ,Female share of employment in senior and middle management (%),SL.EMP.SMGT.FE.ZS,,,,,,,,,,,,,,,,,,,,,,,,,,,,,,,,,,,,,,,,,,,,,,,,,,,,,,,,,,,,,,
Greece,GRC,Female share of employment in senior and middle management (%),SL.EMP.SMGT.FE.ZS,,,,,,,,,,,,,,,,,,,,,,,,,,,,,,,,,,,,,,,,,"198,999,996,185,303","186,000,003,814,697",15.5,"207,000,007,629,395","212,000,007,629,395","237,000,007,629,395",22.5,"227,999,992,370,605","262,999,992,370,605",27,"268,999,996,185,303",22,"222,000,007,629,395","257,999,992,370,605","277,999,992,370,605","247,000,007,629,395","247,000,007,629,395","297,000,007,629,395",30.5,"297,999,992,370,605","276,000,003,814,697",
Grenada,GRD,Female share of employment in senior and middle management (%),SL.EMP.SMGT.FE.ZS,,,,,,,,,,,,,,,,,,,,,,,,,,,,,,,,,,,,,,,,,,,,,,,,,,,,,,,,,,,,,,
Greenland,GRL,Female share of employment in senior and middle management (%),SL.EMP.SMGT.FE.ZS,,,,,,,,,,,,,,,,,,,,,,,,,,,,,,,,,,,,,,,,,,,,,,,,,,,,,,,,,,,,,,
Guatemala,GTM,Female share of employment in senior and middle management (%),SL.EMP.SMGT.FE.ZS,,,,,,,,,,,,,,,,,,,,,,,,,,,,,,,,,,,,,,,,,,,,25.5,"465,999,984,741,211",,"325,999,984,741,211",,,,"332,000,007,629,395","607,000,007,629,395","355,999,984,741,211","293,999,996,185,303","354,000,015,258,789","345,999,984,741,211","392,000,007,629,395",34.5,"377,999,992,370,605","394,000,015,258,789",,
Guam,GUM,Female share of employment in senior and middle management (%),SL.EMP.SMGT.FE.ZS,,,,,,,,,,,,,,,,,,,,,,,,,,,,,,,,,,,,,,,,,,,,,,,,,,,,,,,,,,,,,,
Guyana,GUY,Female share of employment in senior and middle management (%),SL.EMP.SMGT.FE.ZS,,,,,,,,,,,,,,,,,,,,,,,,,,,,,,,,,,,,,,,,,,,,,,,,,,,,,,,,,,,38.5,"459,000,015,258,789",,
High income,HIC,Female share of employment in senior and middle management (%),SL.EMP.SMGT.FE.ZS,,,,,,,,,,,,,,,,,,,,,,,,,,,,,,,,,,,,,,,,,,,,,,,,,,,,,,,,,,,,,,
"Hong Kong SAR, China",HKG,Female share of employment in senior and middle management (%),SL.EMP.SMGT.FE.ZS,,,,,,,,,,,,,,,,,,,,,,,,,,,,,,,,,,,,,,,,,,,,,,,,,,,,,,,,,,,,,,
Honduras,HND,Female share of employment in senior and middle management (%),SL.EMP.SMGT.FE.ZS,,,,,,,,,,,,,,,,,,,,,,,,,,,,,,,,,,,,,,,,,,,,,,"332,000,007,629,395","337,999,992,370,605","337,999,992,370,605","332,999,992,370,605","342,000,007,629,395",35.5,"316,000,003,814,697","359,000,015,258,789","362,000,007,629,395","422,999,992,370,605","424,000,015,258,789","410,999,984,741,211",41,"470,999,984,741,211",47.5,"397,000,007,629,395",
Heavily indebted poor countries (HIPC),HPC,Female share of employment in senior and middle management (%),SL.EMP.SMGT.FE.ZS,,,,,,,,,,,,,,,,,,,,,,,,,,,,,,,,,,,,,,,,,,,,,,,,,,,,,,,,,,,,,,
Croatia,HRV,Female share of employment in senior and middle management (%),SL.EMP.SMGT.FE.ZS,,,,,,,,,,,,,,,,,,,,,,,,,,,,,,,,,,,,,,,,,,,"267,999,992,370,605","282,999,992,370,605",17.5,"282,000,007,629,395",27.5,"227,000,007,629,395","320,999,984,741,211","372,000,007,629,395","273,999,996,185,303","236,000,003,814,697","257,999,992,370,605","238,999,996,185,303","243,999,996,185,303","261,000,003,814,697",29.5,"278,999,996,185,303","261,000,003,814,697","242,999,992,370,605","291,000,003,814,697",
Haiti,HTI,Female share of employment in senior and middle management (%),SL.EMP.SMGT.FE.ZS,,,,,,,,,,,,,,,,,,,,,,,,,,,,,,,,,,,,,,,,,,,,,,,,,,,,,,,,,,,,,,
Hungary,HUN,Female share of employment in senior and middle management (%),SL.EMP.SMGT.FE.ZS,,,,,,,,,,,,,,,,,,,,,,,,,,,,,,,,,,,,,,,,,"342,000,007,629,395","375,999,984,741,211","379,000,015,258,789","372,000,007,629,395","365,999,984,741,211","394,000,015,258,789","409,000,015,258,789",39,"407,999,992,370,605","399,000,015,258,789",40,"382,000,007,629,395","362,999,992,370,605","382,999,992,370,605","375,999,984,741,211","390,999,984,741,211","377,000,007,629,395","375,999,984,741,211","370,999,984,741,211","359,000,015,258,789","367,999,992,370,605",
IBRD only,IBD,Female share of employment in senior and middle management (%),SL.EMP.SMGT.FE.ZS,,,,,,,,,,,,,,,,,,,,,,,,,,,,,,,,,,,,,,,,,,,,,,,,,,,,,,,,,,,,,,
IDA & IBRD total,IBT,Female share of employment in senior and middle management (%),SL.EMP.SMGT.FE.ZS,,,,,,,,,,,,,,,,,,,,,,,,,,,,,,,,,,,,,,,,,,,,,,,,,,,,,,,,,,,,,,
IDA total,IDA,Female share of employment in senior and middle management (%),SL.EMP.SMGT.FE.ZS,,,,,,,,,,,,,,,,,,,,,,,,,,,,,,,,,,,,,,,,,,,,,,,,,,,,,,,,,,,,,,
IDA blend,IDB,Female share of employment in senior and middle management (%),SL.EMP.SMGT.FE.ZS,,,,,,,,,,,,,,,,,,,,,,,,,,,,,,,,,,,,,,,,,,,,,,,,,,,,,,,,,,,,,,
Indonesia,IDN,Female share of employment in senior and middle management (%),SL.EMP.SMGT.FE.ZS,,,,,,,,,,,,,,,,,,,,,,,,,,,,,,,,,,,"162,000,007,629,395",,,,,,,,,,,,,"158,000,001,907,349","163,999,996,185,303","181,000,003,814,697","193,999,996,185,303",,,,,,,,,,,
IDA only,IDX,Female share of employment in senior and middle management (%),SL.EMP.SMGT.FE.ZS,,,,,,,,,,,,,,,,,,,,,,,,,,,,,,,,,,,,,,,,,,,,,,,,,,,,,,,,,,,,,,
Isle of Man,IMN,Female share of employment in senior and middle management (%),SL.EMP.SMGT.FE.ZS,,,,,,,,,,,,,,,,,,,,,,,,,,,,,,,,,,,,,,,,,,,,,,,,,,,,,,,,,,,,,,
India,IND,Female share of employment in senior and middle management (%),SL.EMP.SMGT.FE.ZS,,,,,,,,,,,,,,,,,,,,,,,,,,,,,,,,,,,,,,,,,,,,,,,,,,,"123,000,001,907,349",,13,,,,,,"136,999,998,092,651","148,000,001,907,349","177,000,007,629,395",
Not classified,INX,Female share of employment in senior and middle management (%),SL.EMP.SMGT.FE.ZS,,,,,,,,,,,,,,,,,,,,,,,,,,,,,,,,,,,,,,,,,,,,,,,,,,,,,,,,,,,,,,
Ireland,IRL,Female share of employment in senior and middle management (%),SL.EMP.SMGT.FE.ZS,,,,,,,,,,,,,,,,,,,,,,,,,,,,,,,,,,,,,,,,,"337,000,007,629,395","382,999,992,370,605","387,000,007,629,395","407,999,992,370,605","397,000,007,629,395","435,999,984,741,211","414,000,015,258,789","402,999,992,370,605","422,000,007,629,395","400,999,984,741,211","397,999,992,370,605","306,000,003,814,697","298,999,996,185,303","298,999,996,185,303",31,"298,999,996,185,303","318,999,996,185,303",31,"322,000,007,629,395","303,999,996,185,303","324,000,015,258,789",
"Iran, Islamic Rep.",IRN,Female share of employment in senior and middle management (%),SL.EMP.SMGT.FE.ZS,,,,,,,,,,,,,,,,,,,,,,,,,,,,,,,,,,,,,,,,,,,,,,"690,000,009,536,743","730,000,019,073,486","430,000,019,073,486",,"189,999,997,615,814","740,000,009,536,743","709,999,990,463,257","120,000,004,768,372","359,999,990,463,257",4.5,"111,999,998,092,651","116,999,998,092,651",20.5,"217,000,007,629,395","197,999,992,370,605","187,000,007,629,395",
Iraq,IRQ,Female share of employment in senior and middle management (%),SL.EMP.SMGT.FE.ZS,,,,,,,,,,,,,,,,,,,,,,,,,,,,,,,,,,,,,,,,,,,,,,,,"136,000,003,814,697",,,,,"227,000,007,629,395",,,,,,,,,
Iceland,ISL,Female share of employment in senior and middle management (%),SL.EMP.SMGT.FE.ZS,,,,,,,,,,,,,,,,,,,,,,,,,,,,,,,,,,,,,,,,,"303,999,996,185,303","302,000,007,629,395","322,999,992,370,605",40,"380,999,984,741,211",30,34,"330,999,984,741,211",37,"384,000,015,258,789","370,999,984,741,211","390,999,984,741,211","382,000,007,629,395","379,000,015,258,789","382,000,007,629,395",39.5,"347,999,992,370,605",33,43,44,"385,999,984,741,211",
Israel,ISR,Female share of employment in senior and middle management (%),SL.EMP.SMGT.FE.ZS,,,,,,,,,,,,,,,,,,,,,,,,,,,,,,,,,,,,,,,,,,,,,,,,,,,,,"317,000,007,629,395",32.5,"324,000,015,258,789","318,999,996,185,303","342,999,992,370,605","347,999,992,370,605",,,,
Italy,ITA,Female share of employment in senior and middle management (%),SL.EMP.SMGT.FE.ZS,,,,,,,,,,,,,,,,,,,,,,,,,,,,,,,,,,,,,,,,,"143,000,001,907,349","187,999,992,370,605","202,000,007,629,395","207,999,992,370,605","187,999,992,370,605","197,000,007,629,395","217,999,992,370,605",22,"216,000,003,814,697","216,000,003,814,697","212,000,007,629,395","216,000,003,814,697","222,000,007,629,395",22,"218,999,996,185,303","217,999,992,370,605",22,"223,999,996,185,303","232,000,007,629,395","232,999,992,370,605",23,
Jamaica,JAM,Female share of employment in senior and middle management (%),SL.EMP.SMGT.FE.ZS,,,,,,,,,,,,,,,,,,,,,,,,,,,,,,,,,,,,,,,,,,,,,,,,,"614,000,015,258,789",61.5,"632,999,992,370,605","602,999,992,370,605",62.5,64,"639,000,015,258,789",,,,,,,
Jordan,JOR,Female share of employment in senior and middle management (%),SL.EMP.SMGT.FE.ZS,,,,,,,,,,,,,,,,,,,,,,,,,,,,,,,,,,,,,,,,,,,,,,,,,,,,,,,,,,"632,999,992,370,605","582,000,007,629,395",62,"602,000,007,629,395",
Japan,JPN,Female share of employment in senior and middle management (%),SL.EMP.SMGT.FE.ZS,,,,,,,,,,,,,,,,,,,,,,,,,,,,,,,,,,,,,,,,,"939,999,961,853,027","919,999,980,926,514","969,999,980,926,514",9.5,9.5,"989,999,961,853,027","101,999,998,092,651",9.5,9.5,"101,999,998,092,651","103,999,996,185,303","116,999,998,092,651","113,000,001,907,349","108,999,996,185,303","113,999,996,185,303",12,"133,000,001,907,349","128,000,001,907,349",,,,
Kazakhstan,KAZ,Female share of employment in senior and middle management (%),SL.EMP.SMGT.FE.ZS,,,,,,,,,,,,,,,,,,,,,,,,,,,,,,,,,,,,,,,,,,,,,,,,,,,,,,,,,,,,,,
Kenya,KEN,Female share of employment in senior and middle management (%),SL.EMP.SMGT.FE.ZS,,,,,,,,,,,,,,,,,,,,,,,,,,,,,,,,,,,,,,,,"131,999,998,092,651",,,,,,,,,,,,,,,,,,,,"495,999,984,741,211",,
Kyrgyz Republic,KGZ,Female share of employment in senior and middle management (%),SL.EMP.SMGT.FE.ZS,,,,,,,,,,,,,,,,,,,,,,,,,,,,,,,,,,,,,,,,,,,,,,,,,,,,,,,,,,,"377,999,992,370,605","409,000,015,258,789",42.5,
Cambodia,KHM,Female share of employment in senior and middle management (%),SL.EMP.SMGT.FE.ZS,,,,,,,,,,,,,,,,,,,,,,,,,,,,,,,,,,,,,,,,,"153,999,996,185,303","106,000,003,814,697",,,,,,"277,000,007,629,395","187,000,007,629,395",17.5,"128,000,001,907,349","146,000,003,814,697","167,000,007,629,395",22.5,"158,999,996,185,303","251,000,003,814,697","330,999,984,741,211","202,000,007,629,395",,"292,000,007,629,395",,
Kiribati,KIR,Female share of employment in senior and middle management (%),SL.EMP.SMGT.FE.ZS,,,,,,,,,,,,,,,,,,,,,,,,,,,,,,,,,,,,,,,,,,,,,,,,,,,,,,,,"372,000,007,629,395",,,,,,
St. Kitts and Nevis,KNA,Female share of employment in senior and middle management (%),SL.EMP.SMGT.FE.ZS,,,,,,,,,,,,,,,,,,,,,,,,,,,,,,,,,,,,,,,,,,,,,,,,,,,,,,,,,,,,,,
"Korea, Rep.",KOR,Female share of employment in senior and middle management (%),SL.EMP.SMGT.FE.ZS,,,,,,,,,,,,,,,,,,,,,,,,,,,,,,,,,,,,,,,,,,,,,,,,,,,,,,,,,,,,,,
Kuwait,KWT,Female share of employment in senior and middle management (%),SL.EMP.SMGT.FE.ZS,,,,,,,,,,,,,,,,,,,,,,,,,,,,,,,,,,,,,,,,,,,,,,,,,,,,,,,,,,,,,,
Latin America & Caribbean (excluding high income),LAC,Female share of employment in senior and middle management (%),SL.EMP.SMGT.FE.ZS,,,,,,,,,,,,,,,,,,,,,,,,,,,,,,,,,,,,,,,,,,,,,,,,,,,,,,,,,,,,,,
Lao PDR,LAO,Female share of employment in senior and middle management (%),SL.EMP.SMGT.FE.ZS,,,,,,,,,,,,,,,,,,,,,,,,,,,,,,,,,,,,,,,,,,,,,,,,,,,,,,,,,,"233,999,996,185,303",,,,
Lebanon,LBN,Female share of employment in senior and middle management (%),SL.EMP.SMGT.FE.ZS,,,,,,,,,,,,,,,,,,,,,,,,,,,,,,,,,,,,,,,,,,,,,,,,,,,,,,,,,,,,"288,999,996,185,303",,
Liberia,LBR,Female share of employment in senior and middle management (%),SL.EMP.SMGT.FE.ZS,,,,,,,,,,,,,,,,,,,,,,,,,,,,,,,,,,,,,,,,,,,,,,,,,,,"213,999,996,185,303",,,,,,,"261,000,003,814,697",,,,
Libya,LBY,Female share of employment in senior and middle management (%),SL.EMP.SMGT.FE.ZS,,,,,,,,,,,,,,,,,,,,,,,,,,,,,,,,,,,,,,,,,,,,,,,,,,,,,,,,,,,,,,
St. Lucia,LCA,Female share of employment in senior and middle management (%),SL.EMP.SMGT.FE.ZS,,,,,,,,,,,,,,,,,,,,,,,,,,,,,,,,,,,,,,,,,,,,,,,,,,,,,,,,,,,,,,
Latin America & Caribbean,LCN,Female share of employment in senior and middle management (%),SL.EMP.SMGT.FE.ZS,,,,,,,,,,,,,,,,,,,,,,,,,,,,,,,,,,,,,,,,,,,,,,,,,,,,,,,,,,,,,,
Least developed countries: UN classification,LDC,Female share of employment in senior and middle management (%),SL.EMP.SMGT.FE.ZS,,,,,,,,,,,,,,,,,,,,,,,,,,,,,,,,,,,,,,,,,,,,,,,,,,,,,,,,,,,,,,
Low income,LIC,Female share of employment in senior and middle management (%),SL.EMP.SMGT.FE.ZS,,,,,,,,,,,,,,,,,,,,,,,,,,,,,,,,,,,,,,,,,,,,,,,,,,,,,,,,,,,,,,
Liechtenstein,LIE,Female share of employment in senior and middle management (%),SL.EMP.SMGT.FE.ZS,,,,,,,,,,,,,,,,,,,,,,,,,,,,,,,,,,,,,,,,,,,,,,,,,,,,,,,,,,,,,,
Sri Lanka,LKA,Female share of employment in senior and middle management (%),SL.EMP.SMGT.FE.ZS,,,,,,,,,,,,,,,,,,,,,,,,,,,,,,,,,,,,,,,,,,,,,,,,,,,"237,000,007,629,395","252,999,992,370,605",,"232,999,992,370,605",24,"237,000,007,629,395","256,000,003,814,697","232,000,007,629,395",22.5,"256,000,003,814,697",,
Lower middle income,LMC,Female share of employment in senior and middle management (%),SL.EMP.SMGT.FE.ZS,,,,,,,,,,,,,,,,,,,,,,,,,,,,,,,,,,,,,,,,,,,,,,,,,,,,,,,,,,,,,,
Low & middle income,LMY,Female share of employment in senior and middle management (%),SL.EMP.SMGT.FE.ZS,,,,,,,,,,,,,,,,,,,,,,,,,,,,,,,,,,,,,,,,,,,,,,,,,,,,,,,,,,,,,,
Lesotho,LSO,Female share of employment in senior and middle management (%),SL.EMP.SMGT.FE.ZS,,,,,,,,,,,,,,,,,,,,,,,,,,,,,,,,,,,,,,,,,,,,,,,,,,,,,,,,,,,,"317,000,007,629,395",,
Late-demographic dividend,LTE,Female share of employment in senior and middle management (%),SL.EMP.SMGT.FE.ZS,,,,,,,,,,,,,,,,,,,,,,,,,,,,,,,,,,,,,,,,,,,,,,,,,,,,,,,,,,,,,,
Lithuania,LTU,Female share of employment in senior and middle management (%),SL.EMP.SMGT.FE.ZS,,,,,,,,,,,,,,,,,,,,,,,,,,,,,,,,,,,,,,,,,"427,999,992,370,605",50,"484,000,015,258,789",41.5,"467,999,992,370,605",45,"427,999,992,370,605","402,999,992,370,605","414,000,015,258,789","402,999,992,370,605",42,36.5,"352,999,992,370,605",36.5,"354,000,015,258,789","380,999,984,741,211","387,999,992,370,605","379,000,015,258,789","382,000,007,629,395","385,999,984,741,211","372,999,992,370,605",
Luxembourg,LUX,Female share of employment in senior and middle management (%),SL.EMP.SMGT.FE.ZS,,,,,,,,,,,,,,,,,,,,,,,,,,,,,,,,,,,,,,,,,"241,000,003,814,697","111,000,003,814,697",15,"111,999,998,092,651","121,999,998,092,651","930,000,019,073,486","212,000,007,629,395","969,999,980,926,514","153,000,001,907,349","153,999,996,185,303","196,000,003,814,697","182,999,992,370,605",17,"146,000,003,814,697","178,999,996,185,303",14,"148,999,996,185,303","161,000,003,814,697",22.5,26.5,"282,000,007,629,395",
Latvia,LVA,Female share of employment in senior and middle management (%),SL.EMP.SMGT.FE.ZS,,,,,,,,,,,,,,,,,,,,,,,,,,,,,,,,,,,,,,,,,"370,999,984,741,211",40,"380,999,984,741,211","454,000,015,258,789",42.5,42,"409,000,015,258,789","420,999,984,741,211","412,000,007,629,395",41.5,"390,999,984,741,211","442,999,992,370,605","445,999,984,741,211","422,000,007,629,395","420,999,984,741,211","442,999,992,370,605","462,999,992,370,605","440,999,984,741,211","432,000,007,629,395",43.5,"462,000,007,629,395",
"Macao SAR, China",MAC,Female share of employment in senior and middle management (%),SL.EMP.SMGT.FE.ZS,,,,,,,,,,,,,,,,,,,,,,,,,,,,,,,,,,,,,,,,,,,,,,,,,,,,,,,,,,,,,,
St. Martin (French part),MAF,Female share of employment in senior and middle management (%),SL.EMP.SMGT.FE.ZS,,,,,,,,,,,,,,,,,,,,,,,,,,,,,,,,,,,,,,,,,,,,,,,,,,,,,,,,,,,,,,
Morocco,MAR,Female share of employment in senior and middle management (%),SL.EMP.SMGT.FE.ZS,,,,,,,,,,,,,,,,,,,,,,,,,,,,,,,,,,,,,,,,,,,,,,,,,,,,,,,,,,,,,,
Monaco,MCO,Female share of employment in senior and middle management (%),SL.EMP.SMGT.FE.ZS,,,,,,,,,,,,,,,,,,,,,,,,,,,,,,,,,,,,,,,,,,,,,,,,,,,,,,,,,,,,,,
Moldova,MDA,Female share of employment in senior and middle management (%),SL.EMP.SMGT.FE.ZS,,,,,,,,,,,,,,,,,,,,,,,,,,,,,,,,,,,,,,,,,,,,,,,,,,,,,,,,,,,,,,
Madagascar,MDG,Female share of employment in senior and middle management (%),SL.EMP.SMGT.FE.ZS,,,,,,,,,,,,,,,,,,,,,,,,,,,,,,,,,,,,,,,,,,,,,,,,,,,,,"246,000,003,814,697",,,"317,999,992,370,605",,,,,,
Maldives,MDV,Female share of employment in senior and middle management (%),SL.EMP.SMGT.FE.ZS,,,,,,,,,,,,,,,,,,,,,,,,,,,,,,,,,,,,,,,,,,,,,,,,,,"167,000,007,629,395",,,,,,,19.5,,,"774,000,015,258,789",,
Middle East & North Africa,MEA,Female share of employment in senior and middle management (%),SL.EMP.SMGT.FE.ZS,,,,,,,,,,,,,,,,,,,,,,,,,,,,,,,,,,,,,,,,,,,,,,,,,,,,,,,,,,,,,,
Mexico,MEX,Female share of employment in senior and middle management (%),SL.EMP.SMGT.FE.ZS,,,,,,,,,,,,,,,,,,,,,,,,,,,,,,,,,,,,,,,,,,,,,,,,,,,,,,"349,000,015,258,789","352,999,992,370,605","347,999,992,370,605","352,000,007,629,395","364,000,015,258,789",35.5,"355,999,984,741,211",38.5,37.5
Marshall Islands,MHL,Female share of employment in senior and middle management (%),SL.EMP.SMGT.FE.ZS,,,,,,,,,,,,,,,,,,,,,,,,,,,,,,,,,,,,,,,,,,,,,,,,,,,,,,,,,,,,,,
Middle income,MIC,Female share of employment in senior and middle management (%),SL.EMP.SMGT.FE.ZS,,,,,,,,,,,,,,,,,,,,,,,,,,,,,,,,,,,,,,,,,,,,,,,,,,,,,,,,,,,,,,
North Macedonia,MKD,Female share of employment in senior and middle management (%),SL.EMP.SMGT.FE.ZS,,,,,,,,,,,,,,,,,,,,,,,,,,,,,,,,,,,,,,,,,,,,,,,"263,999,996,185,303","292,999,992,370,605",28.5,"267,999,992,370,605",27,26.5,"232,999,992,370,605","247,000,007,629,395",26,23,"272,999,992,370,605",22.5,"282,000,007,629,395","282,000,007,629,395","242,000,007,629,395",25
Mali,MLI,Female share of employment in senior and middle management (%),SL.EMP.SMGT.FE.ZS,,,,,,,,,,,,,,,,,,,,,,,,,,,,,,,,,,,,,,,,,,,,,,,,,,,,,,,,,,,,,,
Malta,MLT,Female share of employment in senior and middle management (%),SL.EMP.SMGT.FE.ZS,,,,,,,,,,,,,,,,,,,,,,,,,,,,,,,,,,,,,,,,,17.5,"162,999,992,370,605","182,000,007,629,395","168,999,996,185,303","128,999,996,185,303","197,999,992,370,605","198,999,996,185,303","182,999,992,370,605","158,999,996,185,303","218,999,996,185,303","237,000,007,629,395","247,999,992,370,605","273,999,996,185,303","286,000,003,814,697","252,999,992,370,605",25.5,"282,999,992,370,605","281,000,003,814,697","276,000,003,814,697","292,000,007,629,395","263,999,996,185,303",
Myanmar,MMR,Female share of employment in senior and middle management (%),SL.EMP.SMGT.FE.ZS,,,,,,,,,,,,,,,,,,,,,,,,,,,,,,,,,,,,,,,,,,,,,,,,,,,,,,,,"282,999,992,370,605",,31.5,"320,999,984,741,211","340,999,984,741,211",41,
Middle East & North Africa (excluding high income),MNA,Female share of employment in senior and middle management (%),SL.EMP.SMGT.FE.ZS,,,,,,,,,,,,,,,,,,,,,,,,,,,,,,,,,,,,,,,,,,,,,,,,,,,,,,,,,,,,,,
Montenegro,MNE,Female share of employment in senior and middle management (%),SL.EMP.SMGT.FE.ZS,,,,,,,,,,,,,,,,,,,,,,,,,,,,,,,,,,,,,,,,,,,,,,,,,,,,"357,000,007,629,395","232,999,992,370,605","227,000,007,629,395","246,000,003,814,697","176,000,003,814,697","248,999,996,185,303","253,999,996,185,303","237,999,992,370,605","282,000,007,629,395","252,999,992,370,605",
Mongolia,MNG,Female share of employment in senior and middle management (%),SL.EMP.SMGT.FE.ZS,,,,,,,,,,,,,,,,,,,,,,,,,,,,,,,,,,,,,,,,,,,,,,,,,"415,999,984,741,211","382,999,992,370,605","379,000,015,258,789","379,000,015,258,789","387,000,007,629,395","372,999,992,370,605","342,000,007,629,395","377,999,992,370,605","367,000,007,629,395",40,"359,000,015,258,789",43,"474,000,015,258,789",
Northern Mariana Islands,MNP,Female share of employment in senior and middle management (%),SL.EMP.SMGT.FE.ZS,,,,,,,,,,,,,,,,,,,,,,,,,,,,,,,,,,,,,,,,,,,,,,,,,,,,,,,,,,,,,,
Mozambique,MOZ,Female share of employment in senior and middle management (%),SL.EMP.SMGT.FE.ZS,,,,,,,,,,,,,,,,,,,,,,,,,,,,,,,,,,,,,,,,,,,,,,,,,,,,,,,,"221,000,003,814,697",,,,,,
Mauritania,MRT,Female share of employment in senior and middle management (%),SL.EMP.SMGT.FE.ZS,,,,,,,,,,,,,,,,,,,,,,,,,,,,,,,,,,,,,,,,,,,,,,,,,,,,,,,,,,,,,,
Mauritius,MUS,Female share of employment in senior and middle management (%),SL.EMP.SMGT.FE.ZS,,,,,,,,,,,,,,,,,,,,,,,,,,,,,,,,,,,,,,,,,,"196,000,003,814,697","188,999,996,185,303","242,999,992,370,605",20.5,"247,000,007,629,395","153,000,001,907,349","202,000,007,629,395",23,"256,000,003,814,697","262,000,007,629,395","212,999,992,370,605","231,000,003,814,697","288,999,996,185,303","272,999,992,370,605","277,999,992,370,605",29.5,"307,999,992,370,605",31,,,
Malawi,MWI,Female share of employment in senior and middle management (%),SL.EMP.SMGT.FE.ZS,,,,,,,,,,,,,,,,,,,,,,,,,,,,,,,,,,,,,,,,,,,,,,,,,,,,,,,,,,,,,,
Malaysia,MYS,Female share of employment in senior and middle management (%),SL.EMP.SMGT.FE.ZS,,,,,,,,,,,,,,,,,,,,,,,,,,,,,,,,,,,,,,,,,,,,,,,,,,,,,,,,,,,,,,
North America,NAC,Female share of employment in senior and middle management (%),SL.EMP.SMGT.FE.ZS,,,,,,,,,,,,,,,,,,,,,,,,,,,,,,,,,,,,,,,,,,,,,,,,,,,,,,,,,,,,,,
Namibia,NAM,Female share of employment in senior and middle management (%),SL.EMP.SMGT.FE.ZS,,,,,,,,,,,,,,,,,,,,,,,,,,,,,,,,,,,,,,,,,,,,,,,,,,,"377,000,007,629,395",,"256,000,003,814,697",48.5,"467,000,007,629,395",,"485,999,984,741,211",,"482,000,007,629,395",,,
New Caledonia,NCL,Female share of employment in senior and middle management (%),SL.EMP.SMGT.FE.ZS,,,,,,,,,,,,,,,,,,,,,,,,,,,,,,,,,,,,,,,,,,,,,,,,,,,,,,,,,,,,,,
Niger,NER,Female share of employment in senior and middle management (%),SL.EMP.SMGT.FE.ZS,,,,,,,,,,,,,,,,,,,,,,,,,,,,,,,,,,,,,,,,,,,,,,,,,,,,,,,,,,"216,000,003,814,697",,,,
Nigeria,NGA,Female share of employment in senior and middle management (%),SL.EMP.SMGT.FE.ZS,,,,,,,,,,,,,,,,,,,,,,,,,,,,,,,,,,,,,,,,,,,,,,,,,,,,"288,999,996,185,303",,"352,000,007,629,395",,,,,,"313,999,996,185,303",,
Nicaragua,NIC,Female share of employment in senior and middle management (%),SL.EMP.SMGT.FE.ZS,,,,,,,,,,,,,,,,,,,,,,,,,,,,,,,,,,,,,,,,,,"283,999,996,185,303",,,,,,,,,,,"497,000,007,629,395",,"537,000,007,629,395",,,,,,,
Netherlands,NLD,Female share of employment in senior and middle management (%),SL.EMP.SMGT.FE.ZS,,,,,,,,,,,,,,,,,,,,,,,,,,,,,,,,,,,,,,,,,21.5,"223,999,996,185,303","217,000,007,629,395","213,999,996,185,303","222,000,007,629,395","222,999,992,370,605",25.5,"267,999,992,370,605",26,26,"268,999,996,185,303","278,999,996,185,303","282,999,992,370,605","231,000,003,814,697",24,24.5,"243,999,996,185,303",26,"247,999,992,370,605",26,"247,999,992,370,605",
Norway,NOR,Female share of employment in senior and middle management (%),SL.EMP.SMGT.FE.ZS,,,,,,,,,,,,,,,,,,,,,,,,,,,,,,,,,,,,,,,,,"247,000,007,629,395","256,000,003,814,697","277,000,007,629,395","282,000,007,629,395","297,000,007,629,395",31,34,"332,999,992,370,605","325,999,984,741,211",34.5,35,"312,000,007,629,395","312,000,007,629,395","312,999,992,370,605","332,999,992,370,605","337,000,007,629,395","354,000,015,258,789","359,000,015,258,789",33.5,"327,000,007,629,395",32,
Nepal,NPL,Female share of employment in senior and middle management (%),SL.EMP.SMGT.FE.ZS,,,,,,,,,,,,,,,,,,,,,,,,,,,,,,,,,,,,,,,,,,,,,,,,,,,,,,,,,,"138,999,996,185,303",,,,
Nauru,NRU,Female share of employment in senior and middle management (%),SL.EMP.SMGT.FE.ZS,,,,,,,,,,,,,,,,,,,,,,,,,,,,,,,,,,,,,,,,,,,,,,,,,,,,,,36.5,,,,,,,,
New Zealand,NZL,Female share of employment in senior and middle management (%),SL.EMP.SMGT.FE.ZS,,,,,,,,,,,,,,,,,,,,,,,,,,,,,,,,,,,,,,,,,,,,,,,,,,,,,,,,,,,,,,
OECD members,OED,Female share of employment in senior and middle management (%),SL.EMP.SMGT.FE.ZS,,,,,,,,,,,,,,,,,,,,,,,,,,,,,,,,,,,,,,,,,,,,,,,,,,,,,,,,,,,,,,
Oman,OMN,Female share of employment in senior and middle management (%),SL.EMP.SMGT.FE.ZS,,,,,,,,,,,,,,,,,,,,,,,,,,,,,,,,,,,,,,,,,,,,,,,,,,,,,,,,,,,,,,
Other small states,OSS,Female share of employment in senior and middle management (%),SL.EMP.SMGT.FE.ZS,,,,,,,,,,,,,,,,,,,,,,,,,,,,,,,,,,,,,,,,,,,,,,,,,,,,,,,,,,,,,,
Pakistan,PAK,Female share of employment in senior and middle management (%),SL.EMP.SMGT.FE.ZS,,,,,,,,,,,,,,,,,,,,,,,,,,,,,,,,,,,,,,,,,,,,,,,"759,999,990,463,257","609,999,990,463,257","519,999,980,926,514","569,999,980,926,514","640,000,009,536,743","580,000,019,073,486",,"419,999,980,926,514","590,000,009,536,743","390,000,009,536,743",,,"659,999,990,463,257","630,000,019,073,486",,"780,000,019,073,486"
Panama,PAN,Female share of employment in senior and middle management (%),SL.EMP.SMGT.FE.ZS,,,,,,,,,,,,,,,,,,,,,,,,,,,,,,,,,,,,,,,,,,,,44,,,,,"397,999,992,370,605",,,"457,999,992,370,605",46.5,"405,999,984,741,211",43.5,,,,,,,
Peru,PER,Female share of employment in senior and middle management (%),SL.EMP.SMGT.FE.ZS,,,,,,,,,,,,,,,,,,,,,,,,,,,,,,,,,,,,,,,,,,,,,,,,,,,,,,,,,,,,,,
Philippines,PHL,Female share of employment in senior and middle management (%),SL.EMP.SMGT.FE.ZS,,,,,,,,,,,,,,,,,,,,,,,,,,,,,,,,,,,,,,,,,,,,,,,"592,999,992,370,605","387,999,992,370,605","417,000,007,629,395","427,999,992,370,605","422,000,007,629,395","412,000,007,629,395","422,000,007,629,395",43,"417,999,992,370,605","427,000,007,629,395","238,999,996,185,303","232,000,007,629,395",25.5,"292,999,992,370,605","354,000,015,258,789",
Palau,PLW,Female share of employment in senior and middle management (%),SL.EMP.SMGT.FE.ZS,,,,,,,,,,,,,,,,,,,,,,,,,,,,,,,,,,,,,,,,,,,,,,,,,,,,,,,35.5,,,,,,,
Papua New Guinea,PNG,Female share of employment in senior and middle management (%),SL.EMP.SMGT.FE.ZS,,,,,,,,,,,,,,,,,,,,,,,,,,,,,,,,,,,,,,,,,,,,,,,,,,,"192,999,992,370,605",,,,,,,,,,,
Poland,POL,Female share of employment in senior and middle management (%),SL.EMP.SMGT.FE.ZS,,,,,,,,,,,,,,,,,,,,,,,,,,,,,,,,,,,,,,,,,"313,999,996,185,303","277,000,007,629,395","292,999,992,370,605",34,"352,999,992,370,605","340,999,984,741,211","360,999,984,741,211","370,999,984,741,211","362,000,007,629,395",36,37.5,"359,000,015,258,789",35,35.5,"364,000,015,258,789","374,000,015,258,789","380,999,984,741,211","382,000,007,629,395",39.5,"412,000,007,629,395","414,000,015,258,789",
Pre-demographic dividend,PRE,Female share of employment in senior and middle management (%),SL.EMP.SMGT.FE.ZS,,,,,,,,,,,,,,,,,,,,,,,,,,,,,,,,,,,,,,,,,,,,,,,,,,,,,,,,,,,,,,
Puerto Rico,PRI,Female share of employment in senior and middle management (%),SL.EMP.SMGT.FE.ZS,,,,,,,,,,,,,,,,,,,,,,,,,,,,,,,,,,,,,,,,,,,,,,,,,,,,,,,,,,,,,,
"Korea, Dem. People's Rep.",PRK,Female share of employment in senior and middle management (%),SL.EMP.SMGT.FE.ZS,,,,,,,,,,,,,,,,,,,,,,,,,,,,,,,,,,,,,,,,,,,,,,,,,,,,,,,,,,,,,,
Portugal,PRT,Female share of employment in senior and middle management (%),SL.EMP.SMGT.FE.ZS,,,,,,,,,,,,,,,,,,,,,,,,,,,,,,,,,,,,,,,,,"223,999,996,185,303","222,999,992,370,605",30,"271,000,003,814,697","303,999,996,185,303","267,000,007,629,395","296,000,003,814,697","297,999,992,370,605",32,"335,999,984,741,211","345,999,984,741,211",24.5,26,"257,000,007,629,395","317,999,992,370,605",28,"296,000,003,814,697",28,"322,000,007,629,395",37,"357,000,007,629,395",
Paraguay,PRY,Female share of employment in senior and middle management (%),SL.EMP.SMGT.FE.ZS,,,,,,,,,,,,,,,,,,,,,,,,,,,,,,,,,,,,,,,,,,,,,,,,,,,,,,,,,,,,,,
West Bank and Gaza,PSE,Female share of employment in senior and middle management (%),SL.EMP.SMGT.FE.ZS,,,,,,,,,,,,,,,,,,,,,,,,,,,,,,,,,,,,,,,,,"231,000,003,814,697","228,999,996,185,303","198,999,996,185,303","237,999,992,370,605","202,000,007,629,395","218,999,996,185,303","197,999,992,370,605","183,999,996,185,303","196,000,003,814,697",,"217,000,007,629,395",21.5,15.5,"161,000,003,814,697",16.5,"162,000,007,629,395","206,000,003,814,697","167,000,007,629,395","177,999,992,370,605","217,000,007,629,395","226,000,003,814,697","221,000,003,814,697"
Pacific island small states,PSS,Female share of employment in senior and middle management (%),SL.EMP.SMGT.FE.ZS,,,,,,,,,,,,,,,,,,,,,,,,,,,,,,,,,,,,,,,,,,,,,,,,,,,,,,,,,,,,,,
Post-demographic dividend,PST,Female share of employment in senior and middle management (%),SL.EMP.SMGT.FE.ZS,,,,,,,,,,,,,,,,,,,,,,,,,,,,,,,,,,,,,,,,,,,,,,,,,,,,,,,,,,,,,,
French Polynesia,PYF,Female share of employment in senior and middle management (%),SL.EMP.SMGT.FE.ZS,,,,,,,,,,,,,,,,,,,,,,,,,,,,,,,,,,,,,,,,,,,,,,,,,,,,,,,,,,,,,,
Qatar,QAT,Female share of employment in senior and middle management (%),SL.EMP.SMGT.FE.ZS,,,,,,,,,,,,,,,,,,,,,,,,,,,,,,,,,,,,,,,,,,,,,,,,,,,,,,,,,,,,,,
Romania,ROU,Female share of employment in senior and middle management (%),SL.EMP.SMGT.FE.ZS,,,,,,,,,,,,,,,,,,,,,,,,,,,,,,,,,,,,,,,,,,,,,,"335,999,984,741,211","335,999,984,741,211","325,999,984,741,211","340,999,984,741,211","364,000,015,258,789","362,999,992,370,605","317,999,992,370,605","307,999,992,370,605","306,000,003,814,697","307,000,007,629,395",31.5,"324,000,015,258,789","301,000,003,814,697","301,000,003,814,697","342,000,007,629,395","350,999,984,741,211",
Russian Federation,RUS,Female share of employment in senior and middle management (%),SL.EMP.SMGT.FE.ZS,,,,,,,,,,,,,,,,,,,,,,,,,,,,,,,,,,,,,,,,,,,,,,,,,,,"385,999,984,741,211",39.5,"390,999,984,741,211","384,000,015,258,789","380,999,984,741,211","387,000,007,629,395","404,000,015,258,789","392,999,992,370,605","397,999,992,370,605",42,"432,000,007,629,395",
Rwanda,RWA,Female share of employment in senior and middle management (%),SL.EMP.SMGT.FE.ZS,,,,,,,,,,,,,,,,,,,,,,,,,,,,,,,,,,,,,,,,,,,,,,,,,,,,,,,,,,"362,999,992,370,605","357,000,007,629,395",,"344,000,015,258,789",
South Asia,SAS,Female share of employment in senior and middle management (%),SL.EMP.SMGT.FE.ZS,,,,,,,,,,,,,,,,,,,,,,,,,,,,,,,,,,,,,,,,,,,,,,,,,,,,,,,,,,,,,,
Saudi Arabia,SAU,Female share of employment in senior and middle management (%),SL.EMP.SMGT.FE.ZS,,,,,,,,,,,,,,,,,,,,,,,,,,,,,,,,,,,,,,,,,,,,,,,,,,,,,,,,,,,,,,
Sudan,SDN,Female share of employment in senior and middle management (%),SL.EMP.SMGT.FE.ZS,,,,,,,,,,,,,,,,,,,,,,,,,,,,,,,,,,,,,,,,,,,,,,,,,,,,,,,,,,,,,,
Senegal,SEN,Female share of employment in senior and middle management (%),SL.EMP.SMGT.FE.ZS,,,,,,,,,,,,,,,,,,,,,,,,,,,,,,,,,,,,,,,,,,,,,,,,,,,,,,,,"262,000,007,629,395","262,000,007,629,395",,,21,,
Singapore,SGP,Female share of employment in senior and middle management (%),SL.EMP.SMGT.FE.ZS,,,,,,,,,,,,,,,,,,,,,,,,,,,,,,,,,,,,,,,,,,,,,,,,,,,,,,,,,,,,,,38.5
Solomon Islands,SLB,Female share of employment in senior and middle management (%),SL.EMP.SMGT.FE.ZS,,,,,,,,,,,,,,,,,,,,,,,,,,,,,,,,,,,,,,,,,,,,,,,,,,,,,,"251,000,003,814,697",,,,,,,,
Sierra Leone,SLE,Female share of employment in senior and middle management (%),SL.EMP.SMGT.FE.ZS,,,,,,,,,,,,,,,,,,,,,,,,,,,,,,,,,,,,,,,,,,,,,,,,,,,,,,,38.5,,,,21.5,,,
El Salvador,SLV,Female share of employment in senior and middle management (%),SL.EMP.SMGT.FE.ZS,,,,,,,,,,,,,,,,,,,,,,,,,,,,,,,,,,,,,,,,,,,,,,,,,,,"375,999,984,741,211","429,000,015,258,789","557,999,992,370,605","427,000,007,629,395","355,999,984,741,211","407,000,007,629,395","340,999,984,741,211","325,999,984,741,211","357,000,007,629,395","430,999,984,741,211","487,999,992,370,605",
San Marino,SMR,Female share of employment in senior and middle management (%),SL.EMP.SMGT.FE.ZS,,,,,,,,,,,,,,,,,,,,,,,,,,,,,,,,,,,,,,,,,,,,,,,,,,,,,,,,,,,,,,
Somalia,SOM,Female share of employment in senior and middle management (%),SL.EMP.SMGT.FE.ZS,,,,,,,,,,,,,,,,,,,,,,,,,,,,,,,,,,,,,,,,,,,,,,,,,,,,,,,,,,,,"277,000,007,629,395",,
Serbia,SRB,Female share of employment in senior and middle management (%),SL.EMP.SMGT.FE.ZS,,,,,,,,,,,,,,,,,,,,,,,,,,,,,,,,,,,,,,,,,,,,,,,,,"365,999,984,741,211","394,000,015,258,789","345,999,984,741,211","327,999,992,370,605","291,000,003,814,697","327,000,007,629,395",31.5,"308,999,996,185,303","308,999,996,185,303","302,999,992,370,605","297,999,992,370,605","335,999,984,741,211","325,999,984,741,211","342,000,007,629,395"
Sub-Saharan Africa (excluding high income),SSA,Female share of employment in senior and middle management (%),SL.EMP.SMGT.FE.ZS,,,,,,,,,,,,,,,,,,,,,,,,,,,,,,,,,,,,,,,,,,,,,,,,,,,,,,,,,,,,,,
South Sudan,SSD,Female share of employment in senior and middle management (%),SL.EMP.SMGT.FE.ZS,,,,,,,,,,,,,,,,,,,,,,,,,,,,,,,,,,,,,,,,,,,,,,,,,,,,,,,,,,,,,,
Sub-Saharan Africa,SSF,Female share of employment in senior and middle management (%),SL.EMP.SMGT.FE.ZS,,,,,,,,,,,,,,,,,,,,,,,,,,,,,,,,,,,,,,,,,,,,,,,,,,,,,,,,,,,,,,
Small states,SST,Female share of employment in senior and middle management (%),SL.EMP.SMGT.FE.ZS,,,,,,,,,,,,,,,,,,,,,,,,,,,,,,,,,,,,,,,,,,,,,,,,,,,,,,,,,,,,,,
Sao Tome and Principe,STP,Female share of employment in senior and middle management (%),SL.EMP.SMGT.FE.ZS,,,,,,,,,,,,,,,,,,,,,,,,,,,,,,,,,,,,,,,,,,,,,,,,,,,,,,,,,,,,,,
Suriname,SUR,Female share of employment in senior and middle management (%),SL.EMP.SMGT.FE.ZS,,,,,,,,,,,,,,,,,,,,,,,,,,,,,,,,,,,,,,,,,,,,,,,,,,,,,,,,,"422,000,007,629,395",,,,,
Slovak Republic,SVK,Female share of employment in senior and middle management (%),SL.EMP.SMGT.FE.ZS,,,,,,,,,,,,,,,,,,,,,,,,,,,,,,,,,,,,,,,,,"325,999,984,741,211","344,000,015,258,789","330,999,984,741,211","340,999,984,741,211","306,000,003,814,697","301,000,003,814,697","273,999,996,185,303","318,999,996,185,303","292,000,007,629,395","317,000,007,629,395","355,999,984,741,211","277,000,007,629,395","303,999,996,185,303","302,999,992,370,605","282,000,007,629,395","277,999,992,370,605","342,999,992,370,605","302,999,992,370,605","303,999,996,185,303","332,999,992,370,605",34.5,
Slovenia,SVN,Female share of employment in senior and middle management (%),SL.EMP.SMGT.FE.ZS,,,,,,,,,,,,,,,,,,,,,,,,,,,,,,,,,,,,,,,,,36,"367,000,007,629,395","357,999,992,370,605","419,000,015,258,789","402,000,007,629,395",42,42,37.5,"432,999,992,370,605","447,000,007,629,395","432,999,992,370,605","389,000,015,258,789","402,999,992,370,605",38.5,36.5,37,"417,999,992,370,605","419,000,015,258,789","382,000,007,629,395",40.5,"405,999,984,741,211",
Sweden,SWE,Female share of employment in senior and middle management (%),SL.EMP.SMGT.FE.ZS,,,,,,,,,,,,,,,,,,,,,,,,,,,,,,,,,,,,,,,,,"271,000,003,814,697","312,999,992,370,605","320,999,984,741,211",30.5,"316,000,003,814,697","318,999,996,185,303","317,999,992,370,605",31,"307,999,992,370,605","311,000,003,814,697","312,999,992,370,605",33.5,34.5,35.5,"374,000,015,258,789","397,999,992,370,605",39.5,"394,000,015,258,789",39,"419,000,015,258,789","430,999,984,741,211",
Eswatini,SWZ,Female share of employment in senior and middle management (%),SL.EMP.SMGT.FE.ZS,,,,,,,,,,,,,,,,,,,,,,,,,,,,,,,,,,,,,,,,,,,,,,,,,,,,,,,,,"545,999,984,741,211",,,,,
Sint Maarten (Dutch part),SXM,Female share of employment in senior and middle management (%),SL.EMP.SMGT.FE.ZS,,,,,,,,,,,,,,,,,,,,,,,,,,,,,,,,,,,,,,,,,,,,,,,,,,,,,,,,,,,,,,
Seychelles,SYC,Female share of employment in senior and middle management (%),SL.EMP.SMGT.FE.ZS,,,,,,,,,,,,,,,,,,,,,,,,,,,,,,,,,,,,,,,,,,,,,,,,,,,,,,,"449,000,015,258,789",49,"437,999,992,370,605",,,"472,999,992,370,605",40,
Syrian Arab Republic,SYR,Female share of employment in senior and middle management (%),SL.EMP.SMGT.FE.ZS,,,,,,,,,,,,,,,,,,,,,,,,,,,,,,,,,,,,,,,,,,,,,,,,,,,,,,,,,,,,,,
Turks and Caicos Islands,TCA,Female share of employment in senior and middle management (%),SL.EMP.SMGT.FE.ZS,,,,,,,,,,,,,,,,,,,,,,,,,,,,,,,,,,,,,,,,,,,,,,,,,,,,,,,,,,,,,,
Chad,TCD,Female share of employment in senior and middle management (%),SL.EMP.SMGT.FE.ZS,,,,,,,,,,,,,,,,,,,,,,,,,,,,,,,,,,,,,,,,,,,,,,,,,,,,,,,,,,,,,,
East Asia & Pacific (IDA & IBRD countries),TEA,Female share of employment in senior and middle management (%),SL.EMP.SMGT.FE.ZS,,,,,,,,,,,,,,,,,,,,,,,,,,,,,,,,,,,,,,,,,,,,,,,,,,,,,,,,,,,,,,
Europe & Central Asia (IDA & IBRD countries),TEC,Female share of employment in senior and middle management (%),SL.EMP.SMGT.FE.ZS,,,,,,,,,,,,,,,,,,,,,,,,,,,,,,,,,,,,,,,,,,,,,,,,,,,,,,,,,,,,,,
Togo,TGO,Female share of employment in senior and middle management (%),SL.EMP.SMGT.FE.ZS,,,,,,,,,,,,,,,,,,,,,,,,,,,,,,,,,,,,,,,,,,,,,,,,,,,,,,,,,,29.5,,,,
Thailand,THA,Female share of employment in senior and middle management (%),SL.EMP.SMGT.FE.ZS,,,,,,,,,,,,,,,,,,,,,,,,,,,,,,,,,,,,,,,,,,,,,,,,,,,"242,999,992,370,605",,,"271,000,003,814,697","293,999,996,185,303","297,999,992,370,605",29.5,"307,999,992,370,605","308,999,996,185,303",31,"332,000,007,629,395",
Tajikistan,TJK,Female share of employment in senior and middle management (%),SL.EMP.SMGT.FE.ZS,,,,,,,,,,,,,,,,,,,,,,,,,,,,,,,,,,,,,,,,,,,,,,,,"138,000,001,907,349",,"161,000,003,814,697",,,,,,,,,,,,
Turkmenistan,TKM,Female share of employment in senior and middle management (%),SL.EMP.SMGT.FE.ZS,,,,,,,,,,,,,,,,,,,,,,,,,,,,,,,,,,,,,,,,,,,,,,,,,,,,,,,,,,,,,,
Latin America & the Caribbean (IDA & IBRD countries),TLA,Female share of employment in senior and middle management (%),SL.EMP.SMGT.FE.ZS,,,,,,,,,,,,,,,,,,,,,,,,,,,,,,,,,,,,,,,,,,,,,,,,,,,,,,,,,,,,,,
Timor-Leste,TLS,Female share of employment in senior and middle management (%),SL.EMP.SMGT.FE.ZS,,,,,,,,,,,,,,,,,,,,,,,,,,,,,,,,,,,,,,,,,,,,,,,,,,,"860,000,038,146,973",,,33,,,24.5,,,,,
Middle East & North Africa (IDA & IBRD countries),TMN,Female share of employment in senior and middle management (%),SL.EMP.SMGT.FE.ZS,,,,,,,,,,,,,,,,,,,,,,,,,,,,,,,,,,,,,,,,,,,,,,,,,,,,,,,,,,,,,,
Tonga,TON,Female share of employment in senior and middle management (%),SL.EMP.SMGT.FE.ZS,,,,,,,,,,,,,,,,,,,,,,,,,,,,,,,,,,,,,,,,,,,,,,,,,,,,,,,,,,,"402,999,992,370,605",,,
South Asia (IDA & IBRD),TSA,Female share of employment in senior and middle management (%),SL.EMP.SMGT.FE.ZS,,,,,,,,,,,,,,,,,,,,,,,,,,,,,,,,,,,,,,,,,,,,,,,,,,,,,,,,,,,,,,
Sub-Saharan Africa (IDA & IBRD countries),TSS,Female share of employment in senior and middle management (%),SL.EMP.SMGT.FE.ZS,,,,,,,,,,,,,,,,,,,,,,,,,,,,,,,,,,,,,,,,,,,,,,,,,,,,,,,,,,,,,,
Trinidad and Tobago,TTO,Female share of employment in senior and middle management (%),SL.EMP.SMGT.FE.ZS,,,,,,,,,,,,,,,,,,,,,,,,,,,,,,,,,,,,,,,,,,,,,,,,,,,,,,,,,,,,,,
Tunisia,TUN,Female share of employment in senior and middle management (%),SL.EMP.SMGT.FE.ZS,,,,,,,,,,,,,,,,,,,,,,,,,,,,,,,,,,,,,,,,,,,,,,,,,,"182,000,007,629,395","192,999,992,370,605",,,,"167,000,007,629,395",,,,,,,
Turkiye,TUR,Female share of employment in senior and middle management (%),SL.EMP.SMGT.FE.ZS,,,,,,,,,,,,,,,,,,,,,,,,,,,,,,,,,,,,,,,,,,,,,16.5,"156,999,998,092,651","172,999,992,370,605",18,"193,999,996,185,303","201,000,003,814,697","187,999,992,370,605",13,"143,000,001,907,349","166,000,003,814,697","156,000,003,814,697","143,999,996,185,303","167,000,007,629,395","172,999,992,370,605","162,999,992,370,605",17.5,"192,999,992,370,605",
Tuvalu,TUV,Female share of employment in senior and middle management (%),SL.EMP.SMGT.FE.ZS,,,,,,,,,,,,,,,,,,,,,,,,,,,,,,,,,,,,,,,,,,,,,,,,,,,,,,,,,"367,000,007,629,395",,,,,
Tanzania,TZA,Female share of employment in senior and middle management (%),SL.EMP.SMGT.FE.ZS,,,,,,,,,,,,,,,,,,,,,,,,,,,,,,,,,,,,,,,,,,"116,999,998,092,651",,,,,"173,999,996,185,303",,,,,,,,"172,999,992,370,605",,,,,,"278,999,996,185,303",
Uganda,UGA,Female share of employment in senior and middle management (%),SL.EMP.SMGT.FE.ZS,,,,,,,,,,,,,,,,,,,,,,,,,,,,,,,,,,,,,,,,,,,,,,,,,,,,,31.5,,,,,"253,999,996,185,303",,,,
Ukraine,UKR,Female share of employment in senior and middle management (%),SL.EMP.SMGT.FE.ZS,,,,,,,,,,,,,,,,,,,,,,,,,,,,,,,,,,,,,,,,,,,,,,,,,,,,,,,,,,,,,,
Upper middle income,UMC,Female share of employment in senior and middle management (%),SL.EMP.SMGT.FE.ZS,,,,,,,,,,,,,,,,,,,,,,,,,,,,,,,,,,,,,,,,,,,,,,,,,,,,,,,,,,,,,,
Uruguay,URY,Female share of employment in senior and middle management (%),SL.EMP.SMGT.FE.ZS,,,,,,,,,,,,,,,,,,,,,,,,,,,,,,,,,,,,,,,24.5,27,"202,999,992,370,605","151,000,003,814,697","136,999,998,092,651","133,000,001,907,349","113,999,996,185,303","172,999,992,370,605","233,999,996,185,303","221,000,003,814,697","178,999,996,185,303",22.5,"236,000,003,814,697","312,000,007,629,395",36.5,"342,000,007,629,395","317,999,992,370,605",34,"337,000,007,629,395","350,999,984,741,211","372,999,992,370,605",36.5,"399,000,015,258,789",
United States,USA,Female share of employment in senior and middle management (%),SL.EMP.SMGT.FE.ZS,,,,,,,,,,,,,,,,,,,,,,,,,,,,,,,,,,,,,,,,,,,,"374,000,015,258,789","372,999,992,370,605","375,999,984,741,211","369,000,015,258,789",38,38,"380,999,984,741,211","387,999,992,370,605","385,999,984,741,211","390,999,984,741,211","387,999,992,370,605","387,999,992,370,605","394,000,015,258,789","397,000,007,629,395",40.5,40.5,"407,999,992,370,605","422,999,992,370,605","432,000,007,629,395"
Uzbekistan,UZB,Female share of employment in senior and middle management (%),SL.EMP.SMGT.FE.ZS,,,,,,,,,,,,,,,,,,,,,,,,,,,,,,,,,,,,,,,,,,,,,,,,,,,,,,,,,,,,,,
St. Vincent and the Grenadines,VCT,Female share of employment in senior and middle management (%),SL.EMP.SMGT.FE.ZS,,,,,,,,,,,,,,,,,,,,,,,,,,,,,,,,,,,,,,,,,,,,,,,,,,,,,,,,,,,,,,
"Venezuela, RB",VEN,Female share of employment in senior and middle management (%),SL.EMP.SMGT.FE.ZS,,,,,,,,,,,,,,,,,,,,,,,,,,,,,,,,,,,,,,,,,,,,,,,,,,,,,,,,,,,,,,
British Virgin Islands,VGB,Female share of employment in senior and middle management (%),SL.EMP.SMGT.FE.ZS,,,,,,,,,,,,,,,,,,,,,,,,,,,,,,,,,,,,,,,,,,,,,,,,,,,,,,,,,,,,,,
Virgin Islands (U.S.),VIR,Female share of employment in senior and middle management (%),SL.EMP.SMGT.FE.ZS,,,,,,,,,,,,,,,,,,,,,,,,,,,,,,,,,,,,,,,,,,,,,,,,,,,,,,,,,,,,,,
Vietnam,VNM,Female share of employment in senior and middle management (%),SL.EMP.SMGT.FE.ZS,,,,,,,,,,,,,,,,,,,,,,,,,,,,,,,,,,,,,,,,,,,,,,,,"162,999,992,370,605",,,,,,,,,,,,,,"201,000,003,814,697"
Vanuatu,VUT,Female share of employment in senior and middle management (%),SL.EMP.SMGT.FE.ZS,,,,,,,,,,,,,,,,,,,,,,,,,,,,,,,,,,,,,,,,,,,,,,,"156,000,003,814,697",,,28.5,"207,999,992,370,605",,,,,,,,,"226,000,003,814,697",,
World,WLD,Female share of employment in senior and middle management (%),SL.EMP.SMGT.FE.ZS,,,,,,,,,,,,,,,,,,,,,,,,,,,,,,,,,,,,,,,,,,,,,,,,,,,,,,,,,,,,,,
Samoa,WSM,Female share of employment in senior and middle management (%),SL.EMP.SMGT.FE.ZS,,,,,,,,,,,,,,,,,,,,,,,,,,,,,,,,,,,,,,,,,,,,,,,,,,,,,"415,999,984,741,211",,,,,"429,000,015,258,789",,,,
Kosovo,XKX,Female share of employment in senior and middle management (%),SL.EMP.SMGT.FE.ZS,,,,,,,,,,,,,,,,,,,,,,,,,,,,,,,,,,,,,,,,,,,,,,,,,,,,,"153,000,001,907,349",17,"161,000,003,814,697","148,000,001,907,349",14,"148,999,996,185,303","173,999,996,185,303","143,000,001,907,349","173,999,996,185,303",
"Yemen, Rep.",YEM,Female share of employment in senior and middle management (%),SL.EMP.SMGT.FE.ZS,,,,,,,,,,,,,,,,,,,,,,,,,,,,,,,,,,,,,,,,,,,,,,,,,,,,,,,4.5,,,,,,,
South Africa,ZAF,Female share of employment in senior and middle management (%),SL.EMP.SMGT.FE.ZS,,,,,,,,,,,,,,,,,,,,,,,,,,,,,,,,,,,,,,,,,"226,000,003,814,697",22.5,"256,000,003,814,697","277,000,007,629,395","267,999,992,370,605",30.5,"313,999,996,185,303",32,31.5,"332,000,007,629,395",32,"337,000,007,629,395","347,999,992,370,605","330,999,984,741,211","342,999,992,370,605","339,000,015,258,789","357,000,007,629,395","352,000,007,629,395","339,000,015,258,789","332,999,992,370,605","350,999,984,741,211","352,000,007,629,395"
Zambia,ZMB,Female share of employment in senior and middle management (%),SL.EMP.SMGT.FE.ZS,,,,,,,,,,,,,,,,,,,,,,,,,,,,,,,,,,,,,,,,,,,,,,,,,,,,,,,,,,"296,000,003,814,697","402,000,007,629,395",30,"395,999,984,741,211",
Zimbabwe,ZWE,Female share of employment in senior and middle management (%),SL.EMP.SMGT.FE.ZS,,,,,,,,,,,,,,,,,,,,,,,,,,,,,,,,,,,,,,,,,,,,,,,,,,,,"227,999,992,370,605",,,,,,,,"281,000,003,814,697",,